Great for watching games , ufc ,	True
and whatever else tickles yer fancy	False
Happy Hour 2 - 4 daily with 1/2 price drinks and slushes AND after 8 half price shakes .	False
They actually have a peanut butter and bacon shake .	False
Good chips and salsa .	True
The setting and decoration here is amazing .	True
Come check out the waterfall fountain in the middle !	False
Molly is definately taking a picture with Santa lols	False
The drunken noodles are outrageous !	False
Only worth a visit in the summer time ,	False
to take advantage of the huge sun soaked patio .	False
Hands down best AYCE in town !	False
Sat in the drive thru this afternoon for 30 minutes	False
and then was handed the wrong coffee .	False
and this was the first bad experience	False
but their wait time was 3 hours !	False
This place is great !	False
More parking in the back of the restaurant	False
Best pretzels this side of the Rhein . Wash down with the Franziskaner Weissbier .	False
Having the yellow curry , summer rolls and a coke .	False
but the curry was incredible !	False
When you receive the bag of seafood	False
and then mix it up that way	False
all the flavours get into the seafood .	False
As well for the owner play less Drake music please and thank you	False
2nd stop for the pub - crawl !	False
Really delicious food and amazing service .	True
Long lines at lunch ! !	False
to buy a car or mini van .	False
they are not going to lower the price on a vehicle ,	False
The black sales guy is unprofessional	False
# poutinecrawl # yyc stop # 1	False
If there 's a more authentic breakfast place in Pittsburgh ,	False
Ritter 's is comfort food at its best !	False
Late night burger cravings ...	False
Cash only ! ATM on site	False
do not walk to circle - h . pulled pork .	False
Good mix of cuisine	True
Burgers , salads , entrees of chili and even a ribeye steak .	True
Wonderful food and great service !	True
Over 100 group fitness class a week ! ! !	True
Tara did a great job .	False
Its open ! Lobby closes at 10pm .	False
The drive - thru open till 11 pm	False
after checking into the hotel ! !	False
So far everything has been great	False
Hey mom look at me !	False
New Milk Tea Recipe ! not as sweet , and nice tea flavor .	True
Lots of people on the second floor !	False
Um . All kinds of awesome !	False
Big clean and all the Chinese and western groceries	False
Tons of wing flavors ...	True
Try the green gables IPA , it is delicious ! !	True
Save room for a yummy scone !	False
15 dollar credit card minimum , no AMEX	False
Mani / Pedi for $ 15 .	False
You can order custom rolls	True
if you ask nicely	False
Dr. Spilotro is the best , awesome staff	False
This is the ONLY Starbucks drive thru in Gilbert	False
and it takes FOREVER ! !	False
ca n't take picture .	False
The food here is excellent !	True
Green papaya salad not good .	False
Papaya sliced too thick and not enough fish sauce or flavoring .	False
Portion small for price .	False
Gas price 3.49 regular	False
The iced kicker is a must ,	False
if you have little ones a chocolate milk with whip cream .	False
Grill marinated porkchop w julienned pork and steamed eggs ... yum	False
Yet another Business Journal event .	False
Put lots of sunblock !	False
Annoying they do n't offer baby and me movies throughout the week in a ' hood full of moms ! !	False
The toffee and the caramel cake are delicious !	True
Great service , on time , explained everything and very friendly .	True
Awesome tasty baked goods . Affordable   prices .	True
Super nice staff in a busy shop	True
This place is Awesome ..	False
Their Lamb chops are dying for ... love coming here ...	False
One of the best locations	False
because the staff are always super nice , accommodating and hard working !	True
We have 5 chairs left for face time networking .	False
Fuggit - about it it 's cool learn a lot about the real Vegas !	False
Very nice , helpful and fast !	True
Helped me every step along the way .	True
Amazing talent , beautiful building , incredible orchestra but not enough estrogen in the world	False
to make me suffer through another 3 hours .	False
On their Sunday afternoon sessions - they provide the orange juice ,	False
you provide the champagne !	False
"If you hit "" max bet "" on one of the machines"	False
it will bet all the money	False
you have in there .....	False
the bartender will tell you after ..... rip off	False
They now have PUDDING here !	True
make your own house special here .	True
Good Mexican food quick .	True
Good prices and family oriented .	True
The price is good	True
and definitely will be back again .	False
The tableside guacamole is cool too .	True
Terrible service and staff .	False
if you are gon na complain about something .	False
Manager or staff WILL LECTURE YOU .	False
Really just to make Katie happy .	False
Be sure to try the pork belly , baked lobster roll , and jalapeÃ±o bombs .	False
For desert , homemade black sesame blanc manger , and green tea panna cotta .	False
( And mochi ! Always mochi ! )	False
No PB2 powdered peanut butter .	False
Delicious food and friendly service	True
Better than the one last night ..	False
Southern BBQ in Markham ? !	True
Everything but carne asada .	False
but they checked everything else ,	False
Sundays are so much fun for those of you with young kiddos .	True
Stop by to find out why ...	False
Not open on Sunday . Great BBQ place	False
and is worth the drive for those in surrounding areas .	False
if you 're getting a pedicure !	False
Cute staff . Great value .	True
Well lit for a nice evening walk	True
Still going to Anna !	False
Great place for big dogs !	True
Lots of grass , doggie bags and water buckets placed about .	False
Start your night here	False
and get the long island iced tea .	False
Ice ice for me : )	False
starving with yams and mac n cheese ca n't go wrong	False
Everything on the menu is fabulous !	True
Never had a bad meal .	False
Try the chicken enchiladas or rotisserie chicken salad .	True
Very good very different !	True
but they let u get delivery	False
if you get hungry :)	False
99 cent tacos on Tuesday .	True
Tortas on Thursdays for $ 4	True
They give you a ton of fries	True
if you want more .	False
Finally watching transformers 3d imax .	False
New vanilla flavor is pretty good ;	True
was skeptical at first	False
Good price at $ 24.99	False
It 's workout / pigout day !	False
"Apparently reopening in December as "" Sunrise Kosher Foods """	False
Some of the dishes lack flavour	False
so definitely add some of the spices at the table !	False
Best Portuguese chicken in town !	True
Never going back here after the way	False
the larger lady bartender acted .	False
it 's a bar in ndg .	False
Just park in the lot at pickup and pay the $ 2 .	False
It 's not worth the hassle	False
to drive through over and over .	False
Plus , you get brownie points	False
for meeting them in the terminal .	False
Better than a regular movie .	False
Eat at the bar .	False
Tasty & quick friendly service .	True
Nights are so busy !	False
Bloody Mary is a bit too sweet ,	False
but has an ok bite .	False
The Green Goddess Sandwich is amazing along with their Raw tacos in cabbage leaf shells .	True
The place is very peaceful full of friendly and helpful people	True
it really does have a spiritual vibe	True
Plus you can find any herb or supplement in existence .	True
We 've found a new breakfast spot !	False
Corned beef hash was awesome	True
as were the eggs and French Toast !	False
Hubby got country fried steak	False
it was very good too .	False
Good , fast service as well .	True
You can buy there different meats by the ounce , three ounce min !	False
"Sushi does not mean "" raw fish , "" but "" vinegar[ed ] rice . """	False
The food is great the service to ...	False
the atmosphere is jumping	True
3 weeks still in perfect condition ! !	True
Ask for the biscuits and butter	False
when you sit down .	False
It 's just ridiculous how slow they are	False
At least not on a Verizon phone .	False
Do n't bother with mobile check in .	False
and they had given away the last king deluxe room	False
even though we 'd made reservations months in advance .	False
Have tons of salvaged old wood moulding and stair case railings etc .	False
Call in your order for take out !	False
No parking in front lot	False
Another bridesmaid dress fixed up !	False
crazy busy location- chaotic and messy	False
It 's a crown bakery pastry kind of day ;)	False
Be sure to ask for dressing on the side .	False
Got a side salad	False
and it was drenched .	False
The grilled chicken sandwich has a lot of grilled chicken .	True
The canned Muzak is heinous .	False
Parking can be tough ,	False
They open on Sundays	False
even though it said	False
they close on Sunday on Yelp .	False
So call and double check	False
Do n't eat musubis	False
that have been sitting in the heat box on the counter	False
unless they are made fresh .	False
It was gray and spoiled already	False
Thursday Draft Beer night $ 1 per glass , Friday and Saturday night an italian singer with keyboardust 7 - 10pm .	False
Closed for remodel until 1/28/2015	False
This place is small , little windy tonight	False
The creamy chicken soup is cornstarch based similar to hot and sour soups .	False
The cardio cinema is the best .. especially for those of you	False
who get bored easily	False
while running or biking	False
Another great meal at sago 's	False
but they still need to get some better horseradish ! !	False
Need that bun bo hue hangover remedy , this has one of the tastiest ...	False
Food tasty and abundant .	True
7 side salads also tasty and fresh .	True
The hookah lounge in the back .	False
Trying this again with the kids ,	False
The remodel was the best thing	False
this place has done.1	False
$ movie on tues.oh happy day :-)	False
First and third Tuesday of every month :)	False
Major construction going on avoid this shit hole	False
Do n't come here	False
it 's too expensive for the variety & price !	False
Late nights are best for quick service and patio table	False
they do n't take cards .	False
They just received a new	False
Long lines , not very helpful .	False
Nobody really wants to help you	False
Does n't sound good to get shrimp on your pizza ,	False
but it is * sooooooooooooo good ! *	False
Today is the opening day !	False
sitting at the bar .	False
Nigiri omakase a great deal ,	True
if you want more	False
it quickly adds up .	False
Favorites were the medium / premium fatty tuna	False
Berry long island w/ gummy bear garnish :)	False
Well deserved carb cheat .	False
Still no word back from them ! !	False
Wow great customer service .	True
Veggie no special sauce with fries as meat - V E G A N ! ! !	False
Terrific little restaurant with wood fired pizza , gelato .	True
This place is open for breakfast on the weekends	False
even though the yelp page says	False
Nice relaxed atmosphere pleasant service this morning .	True
Lots of private areas	True
that are accessible to the general public ,	False
like this cozy room	False
to watch NCAA basketball in .	False
Friendly and helpful staff !	True
Drinks galore for Latin Night	False
Hands down the bestttt !	False
Business owner contacted me via yelp 2 weeks ago	False
No call was received	False
and no follow up email .... OK .	False
Cruellers on the Weekends	False
Chef Eric 's Omakase tonght !	False
Do nt do valet	False
and ran by retarded hippy piece of shit	False
Best soba noodles in town !	True
if you like soba noodles	False
or have n't tried FRESH soba noodles	False
cooked perfectly al dente before .	False
Lunch with the boys !	False
Still the best salad ever	True
Got ta love this place ...	False
Basic buffet . Clean , good service .	True
Do n't bother with steak night	False
Do n't fear the bulldog	False
We 've been here for 90 mins	False
Popped in for lunch , good IPA and decent food .	True
Notable for great and friendly service . Thanks ! !	True
Great patio during summer .	True
They have heated lamps for cold days .	False
If you like the sauce ,	False
make sure to ask for it on your chicken .	False
It 's just incredibly sooooo good !	False
Even better with wings !	True
Chipotle aioli is a great dipping sauce for pizza !	True
Try the bavarian pretzel appetizer ...	False
Go for a half and half	False
if you want to keep it light .	False
They have the best selection of fresh nigiri and spiciest rolls !	True
Free hug on Yelp ! !	False
Mock chicken in the bowls is bomb !	False
Happy hour 3 PM to 630 PM M - F	False
Amazing $ 4 burger quesadilla gets 4 stacks of pancakes rating out of 5 !	False
Shrimp tempura is awesome more like sushi	True
The rings are Amazing !	True
Hanging out with family .	False
The purse cake looks awesome ! ! ! !	True
Great selection of rolls and really fresh sashimi .	True
Staff is super friendly ! !	True
Get the shrimp and grits !	True
Love these Mexican snow cones ! !	False
So many yummy varieties , definitely will be coming back for more	False
especially when Phoenix brings the heat !	False
Do n't expect many options an hour before closing .	False
No soup , plantains , etc .	False
Checking out the wedding sight	False
Best hair dresser ever ... Crystal Nordstrom !	True
https://nocovernightclubs.com/ref/kimjxmejia/	False
They take res for dinner	False
but reservations email on their website is undeliverable	False
and phone is always busy	False
Good food but slow service	False
which is too bad .	False
@pool Honey Dip tonight 7 pm pool 3 $   mixed drinks 3 $ beers Honey pot in den @ 10	False
"Try the "" cheese "" drinks"	True
they are more sweet than salty almost like melted ice cream !	False
Grab a table to people watch	False
while enjoying an Ice cream sandwich , especially the salted caramel .	False
For something different , try the chicken hearts .	False
but these are tasty !	False
if they have the proper equipment	False
and ask them specific questions on their work .	False
Flag Football w/ Deven	False
when you check in on yelp ,	False
you get free app .	False
They carry black garlic	True
Great office . Friendly chiropractor	True
Called and had appointment time within 24 hours .	False
It 's now a Saladworks .	False
Main office for Advanced Pain Management	False
Simply love this place & Kung fu tea .	True
Chips and salsa and beans ... HUGE BURRITOS ... guac was amazing .	False
Concord First Assembly is a great church !	True
You can be yourself ;	True
The most important thing is to hear the word	False
that is being preached !	False
Second year in a row we 've come here at midnight for Xmas .	False
Good service for a Denny 's	True
Food and service is bad .	False
The food has no flavor .	False
Only good thing is the salsa	False
Craft your own pizza :	True
Double Dough , BBQ Sauce , Italian Cheese , Ricotta Cheese , Pepperoni , Italian Sausage , Crispy Bacon , Mushroom , & Fresh Spinach	False
after it was baked =	False
Call 10 minutes ahead for a pickup !	False
Formerly Bowl of Heaven	False
Hypebeasts galore up in here .	False
Happy Hour slushes 2pm-5pm	False
Best car wash in town .	True
We have TRIED to eat here a few times , random times and days ,	False
when the hell are they open .	False
The lines were too long	False
and only 2 tellers .	False
Go to another branch !	False
Happy 1 year anniversary !	False
There 's a buy one meal /sandwich get 2nd one at 50 % off deal on their Facebook page good til 8 /13 .	False
Good food great customer service good atmosphere	True
Many vegetarian options , even veg and tofu spring rolls !	True
Grilled cheese and tomato bisque is great on a cold day !	True
So great . Earthy . GO	False
C'Ã © tait ben bon !	False
This is your typical quick service Greek menu ,	False
but is a real step up from the others around town .	False
Great sauce and a deep menu .	True
Where did everyone come from . Great Deli however .	False
Closing early , not that busy	False
Wonderful customer service and amazing food ! !	True
House red $ 5 , very good .	False
What happened to all your veggie options ? ?	False
Some of the city 's best chicken wings are available instead of the typical egg roll or spring roll .	False
Awesome service , bad situation	False
but they all made it right !	False
Thanks Penske Collision center ! !	False
Burrito excellent ..... linguini not so good .	False
Instead of fixing the drop box ,	False
they just took it away .	False
Do n't expect to be able to drop off anything after hours .	False
What a great view !	False
Try the Jidori chicken breast .	False
Look for a guided walk with a naturalist .	False
You will identify untold numbers of plant and animal species ,	True
hear and see way more birds ,	False
meet other likeminded people ,	True
and understand the history of this great arboretum .	False
The pizzas are amazing ! ! !	True
Skip the chips and guacamole appetizer- not worth it !	False
For Chinese New Year they have live performances in afternoon at 5 pm	False
Too loud pop music .	False
Really loud . Great gyros , though .	False
Quality seems to be going downhill	False
A little taste of home	True
before flying out across the county .	False
Their main location is best , though !	False
World class vocal talent & choreography .	True
Absolutely gorgeous women & men . * whistles *	False
If you were a long time patient of Dr. Morales or Jimenez	False
and are hesitant to entrust Dr. Block to your care :	False
Do n't . Great dentist !	False
The majority of Doc Morales ' staff are still at Kokopelli .	False
they would n't	False
if they did n't like or could n't recommend this Dr. Also , Tammy is still the BEST hygienist in this place ...	False
Tell them Meagan B. sent you .	False
Shoot me a message	False
if you end up going here :)	False
Try the pad thai .	True
Happy hour drinks and apps !	True
Great place to start the night out ! !	True
See the skyline 360 degree in One hour	True
Clean , spacious place . Layout of entrees ,	False
closing early on Labor Day	False
Chili 's great place for Margaritas and fajitas !	True
The pasta line is always shorter than the pizza line .	False
Both are worth waiting for !	False
Locals can use the pool again .	False
$ 10 per person during the week .	False
$ 15 per person on the weekend .	False
Service is pretty slow ,	False
make sure you 're coming for a slow and relaxed   breakfast / brunch	False
Free 3-piece Chicken Tender offer for CTD ends today :	False
One use per coupon ;	False
Super cute spot for lunch or dinner .	True
Brussels sprouts and cauliflower are delish !	True
Heard there 's a new chef in the kitchen and a new menu !	False
Which they had lunch hours !	False
They have doubled of their patio ,	False
opening a new section as recently as last week .	False
Really good food , great family atmosphere .	True
Always get the special ...	True
Lunch with Ashley .. $ 5.95 lunch menu with free egg roll or crab Rangoon ,   soda and soup .	False
10 % discount happening during the soft opening	False
Busy but with barely any seating !	False
Good clean store with wide selection	True
Pesto chicken plate was very good ,	True
plus it was a great portion of food .	False
Good classic diner food with fast friendly service .	True
Not sure what else needs said .	False
Fresh oysters on a half shell	False
Quick on to go orders ,	True
always get your order right as well	False
Second order of business ..... breakfast ! ! ! !	False
if you 're desperate ,	False
its aiight and cheap .	False
Off Track Betting here !	False
A little gambling , a little drinking ...	False
NOT open as of 5/2/15 .	False
what 's going on	False
Good foods and music !	True
Restaurant environment really nice :)	True
Definitely has a spicy kick to it , but not overwhelming .	False
The Winter Dream Tea Latte has a solid spice level and great balance .	True
if you love chai .	False
Food great and they serve local beer .	True
Exactly what the French interpretation of the American hamburger should be .	False
made it to an evening class of Alex's - ya ! ultimate de - stresser !	False
move to downtown lv near huntridge	False
Now with a fully vegan and gluten - free savoury menu .	True
Do n't selfie and drive , fam !	False
How kayoooote are the props ! ! ! ! !	False
Taco Tuesday- tacos are $ 2	False
Everyone here is so nice !	True
Open till 10 pm ! ! !	True
Closes at 8:30om now .	False
This one is open on Mondays .	False
The Bell road location is closed .	False
Get pescado rellano , amazing ...	False
This place would also be good for retreats and birthdays !	True
These guys , except the mustached guy , are inept .	False
Nike Clearance store is open ! !	False
Running shoes only cost $ 54.99-$79.99 ... even cheaper than Vaughan Mills :p	False
Friendly , relaxing . Very clean .	True
The customer service is great from the guys	True
who are receiving the cars for services ..	False
indeed all these guys customer service skills are amazing .	True
there is a new boss inside the service area ,	False
This employee - boss killed all the great guess service	False
that other employees are offering at this establishment .	False
Other than that , great place place .	False
Even at 4 am this place is clean and well taken care of .	False
Friendly staff . Lively bartender !	True
Coming around dinner time	False
to get a good workout in	False
Happy hour weekdays 3 - 6pm . Select beer + wine + well only $ 4 .	False
Excellent food , huge portion , a bit pricey .	True
Do n't waste your money on dessert	False
cuz it 's shame to call it by this name .	False
They have just mixed up milk with corn starch	False
and brought to a boil .	False
Impossible an alien has taken over !	False
This is the best happy hour in town !	False
This is now laguna bay	False
Cute shop and friendly staff and owner .	True
We will be back	False
Say yay for cam connectors ! ! !	False
Lovely cute place with miss & hit menu	False
( overall A - okay ) , okay drinks and slow not- so- attentive service .	False
Not a bad place to grab drinks in this neighbourhood	False
but would n't recommend for a full meal	False
Can be difficult getting in and out of this location due to traffic	False
The bbq chicken pizza is a must try !	True
TPMS needs replacing every 100,000 miles .	False
Prepay and get 20 % discount !	True
Get their woodfired pizza .	True
Indian food is just okay .	False
Stay far clear of the chicken wings	False
they are not winners .	False
The only decent coffee joint in snooty blueblood right - wing sewickley .	False
The interior is aesthetically pleasing .	True
They only accepting cash today	False
How are you guys so incompetent ? ? ?	False
It 's the first of the month ,	False
you know damn well	False
it 's going to be busy .	False
Yet you only have 3 tellers	False
and your merchant line is n't stocked with change ? ?	False
Incompetence at it 's finest ! !	False
Great sale 70 % off and take additional 30 % off on these clearance items	False
Come by in the late afternoons	False
to redeem those treat receipts from the morning	False
and get one ice grande drink for $ 2.00 !	False
The place is empty .	False
"Affectionately called "" The Queue "" by locals , and home to the 2015 - 16 NBA Champion Cleveland Cavaliers ."	False
Beautiful day in Boulder City ... bring your dog and the kids ! ! !	False
is never good pot	False
Out of salad today	False
One - star customer service tonight .	False
So many gluten free options !	True
Even a gluten free fish fry and gluten free cupcakes .	False
Fueling up for Mexican night @kinetik !	False
Street parking went early	False
took home apple fritter strawberry zeppela , cappuccino great	True
Took a Huge cold cut sandwich and Greek salad home for lunch , great bread fresh	True
Next time   porchetta   sandwich	False
Guess what porchetta in assorted with cracking skin so good could only eat 1/2 .	False
Dinner the rest with salad !	False
burger with a side of Jazz Fries ...	False
you wo n't be disappointed .	False
Wow that rice pudding is terrific !	True
And is sprinkled with crushed pistachios .	False
"And "" the Bob ""   little pastry is soooo good"	False
The best movie theater !	False
to see the area	False
Bugs in drinks , beer taps do n't work .	False
Takes forever to get service .	False
Wo n't be back	False
Good gamer promos , delicious food and cute , friendly staff .	True
The martinis are great	True
The service , although friendly , was A LOT spottier .	False
Great lattes and good coffee	True
Great burgers but amazing salads here	True
Favorite place to eat @ The Grand	False
Holy cow . Literally ... The prime rib was a holy experience .	False
What a neat restaurant and the food was delicious .	True
And there is plenty	False
so skip lunch beforehand .	False
Great Matzo Ball Soup and fabulous desserts !	True
Grand opening special 20 % off everything 3/13 - 15	False
A little late but better than never :)	False
If you come ton pittsburgh	False
you have to try the burgh 's famous diner ! ! !	False
Mmm tequila lime chicken pasta	False
Two nights in a row ... awesome food	False
Better come early , before long cues .	False
They have tasty house sausages .	True
its seasoned to the bone .	False
The hours of operation are posted online monthly .	False
Great sushi at great prices !	True
Love the cracked out edamame !	True
Select $ 8 car wash	False
when you buy $ 10 in gas .	False
Your car wash will be free	True
( check receipt for credit ) ...	False
just punch in code at drive thru wash !	False
EASY PEASY and FREE !	False
and after speaking to many locals ,	False
this is not one of the ' better ' sushi restaurants in the area .	False
Small rolls , small selections and not always the freshest fish	False
Food is outstanding and service is even better .	True
Great place a true treasure .	True
Amazing staff . Always friendly and on time .	True
Small but packs up really quickly ...	True
hey its the airport	False
This place does not exist	False
according to the yelp map marker .	False
and it 's clear across town on the other side of Henderson .	False
They are no longer offering their meat options	False
and switching over to a vegan only menu	False
Quantity quality and value !	False
As basic as basic can be	False
Ewww . Gross old people food .	False
Denny 's is better	False
and that ai n't saying much .	False
Sam 's the man ! !	False
So for the service in the restaurant sucks !	False
Notice posted reminding people	False
that they do n't sell any tickets , tokens , or the TTC Metropass inside	False
& that they do not provide change .	False
Exact change required . March 2018	False
Fun atmosphere , Summer Salad & the Jumbalaya had good flavor .	True
Carne asada burrito double tortilla !	True
amazing vegan comfort food for cheat days	False
Mushroom pasta , Mafalde ai Funghi , will be your regret	False
if you do not try this !	False
Minute clinic hours . Mon- fri 8:30 - 7:30pm . Saturday 9 - 5:30 Sunday 10 - 5:30	False
The food has been more hit than miss as of late ,	False
but these stores are in disrepair .	False
Brand new , cozy little pierogi place !	True
First time dining here ,	False
and the salsa is amazing ! ! !	False
Smaller than most TJ Maxx stores .	False
* BUFFET * works like this :	False
pay in parking lot ,	False
you 've got 3 trips for dine in , 1 med crystal plate	False
cake stand holds bread , cucumber lime water and tea the length of the bar	False
Hands down , best nail salon on the east side .	True
and it 's a very promising place .	False
Tried the Hamburger Steak with Sunny Side up	False
and it 's pretty bomb .	False
are n't sanitized .	False
Very harsh with your feet	False
They are open Saturdays !	False
Friday and Saturday All you can eat Cod and Chips $ 10.95	False
but beginning to thin out .	False
Next round will hit in about 30 minutes	False
when the Churches finish their 11:00 am services .	False
Making room for all the junk	False
Nice pretty Thai BBQ .	True
but smile would you please .	False
Portions are much smaller than the L.A. Thai bbq .	False
The local time is 9:48 pm	False
and it 's a nice 77 degrees .	False
Twilight Zone has four flippers !	False
It 's freezing inside .	False
Outlets and usb chargers all along the walls , but limited seating .	False
Fire roasted burrito is delicious	True
Love me some Winghart 's ... One of the best places in Market Square .	False
Open until midnight every night !	True
Best sub 's ... Hot .. Lots of meat ....	False
Bring ya sweet tooth :)	False
Very good pastrami sandwich .	True
Like everything else , way overpriced .	False
for the love of volleyball !	False
Shrimp cocktails a must	True
Awesome breakfast and lunch !	True
Finally went in for dinner .	False
Lamb Bhuna was delicious .	True
A little pricey at 20 ,	False
but it was enough for lunch the next day .	False
Receipts have a survey for $ 1 off your next visit	False
LVAC members get 10 % off .	True
Did n't realize	False
Not the fault of the establishment but , the parking lot sucks .	False
Park at the far end	False
to avoid trying to juggle around pedestrians and the tiny spots .	False
Free car wash with 8 gallons or more .	True
Check to go orders	False
Open space , cool environment .	True
Happy hour is n't so cheap .	False
and get charged two different prices	False
Lenten fish fry is pretty good .	True
Nice addition to the menu .	False
The hummus and tabouli here is amazing ,	True
and comes with fresh , piping hot bread !	False
Wonderful food , nice atmosphere and fabulous service !	True
The inside market and coffee bar !	True
if foursquare and yelp might get together	False
Google Maps is off slightly ,	False
The Great Indoors is near Lowe 's .	False
They only play 70s and 80s music vids ....	False
And lots of Michael Jackson !	False
Great deep fried Wallete !	True
Kitchen closes at midnight .	False
Discussing mis - interpretations on 1st dates	False
( dressing and bacon the side )	False
add a beautiful salmon steak on top !	False
De - lish and healthy !	False
Cleaned up with new management .	False
TrÃ¨s bon petit restaurant . Pas chÃ¨re . IdÃ © al pour couples .	False
Always keeps me coming back !	False
Min 20 $ for visa and 5 $ for debit	False
and then call and ask wait time	False
Toronto 's no . 1 fish & chips place .	True
Ordered chowder soup and halibut .	False
Be prepared for at least 1 1/2hr wait	False
if you arrive later than 5 pm , even on wkends and most wkdays , select beer and wine included , unlimited	False
Another yummy pho spot !	True
Closed Jan 10 - 17 .	False
they take reservations after 3 pm	False
but no one is picking up ? ? ?	False
Quick break from drinking	False
Great BBQ and amazing service !	True
they sanitize their utensil 's here :/	False
Melting outside the store is air conditioned !	False
Always a good time .	False
Mike and Lori are bomb dot com !	False
The drive through is SO useful .	False
Amazing selection.of.protein and veggies ... great sauces ... very friendly too ... love it	False
Has a drive through pharmacy .	True
The steaks are great	True
If you 're going for lunch .	False
Go at 11:30 to 11:55am !	False
You 'll beat the rush !	False
Its all about The Guss ...	False
One of the best late night eats in town !	False
Open till 2 am everyday !	False
Lunch time on a Sunday , good food and no lines .	True
Simple order screwed up .	False
No bacon on a Bacon Cheeseburger .	False
Always good food and great service !	True
Hour and half before the game	False
and this place is n't packed !	False
Love the service here .	False
Mandy , Ashtyn , Cheyenne and Mikey are super friendly and efficient .	False
Where better to finish the day !	False
ESB - smoked pork bucatini , tavern burger	False
Happy to see the variety of health conscious choices .	False
Extremely nice helpful people .	True
and bring your own reusable bag for your shopping .	False
Great selection of local produce , honey , fresh breads etc .... lots of fun & lively atmosphere .	True
Check out Island Flavor Market next door !	False
Selling Hawai'ian kine grinds and snacks	False
you ca n't find at Walgreens ;-)	False
you 'll be in and out in less than 10 minutes	False
if going on a Friday or Saturday !	False
Got really crowded exactly when it opened	False
This location is super busy around lunch ,	False
so plan on waiting a while .	False
At the International   yelp event	False
Veterans do n't forget to ask for your discount .	False
They do n't tell you about it	False
even if you are wearing a veterans hat .	False
3 - 5pm through 5/15/2016 , or 3 - 6pm	False
if you pay through the app	False
Do n't stress about the health inspector 's report :	False
the snickerdoodles are worth it !	True
$ 4.99 for 2 eggs , rosemary potatoes and toast .	False
Quite a crowd at 9:30 on Sunday	False
Been driving by this place	False
and finally tried it ..	False
Appropriately priced and a few choices for the hot pot ..	False
Definitely coming back for more !	False
Best croissant sandwich ever ! ! !	True
Do n't mistake this one for the poser with RX on the end .	False
Also great local beer choices and free air for your tires .	True
It 's always happy hour at Cinebarre !	False
They only have 1 valet .	False
Which is a pain	False
if your staying in east or west towers	False
Tempe location HH is M - F 2 - 5 .	False
they 're the best	False
Great Sangria & beer options too !	True
25 lb bag of carrots for $ 5 , great deal	False
if you 're a juicer .	False
and sometimes dined in for brunch	False
we get nagged by a blind pig manager	False
that we ca n't park here .	False
Only 2 vehicles were parked @the time .	False
Picking up some jigsaw puzzles .	False
Very good cleaning and employees are awesome and attentive	True
Lunch 1st then grocery shopping ! ! !	False
Open unroll midnight Friday and Saturday .	True
Try everything at least once .. well worth it	False
Lots of Mosquitos along canal ,	False
use your Skin So Soft / bug repellent of choice .	False
It is also an equestrian trail ,	False
Would not run in heat of day =	False
Otherwise , nice , paved on one side , gravel on the other .	False
Best fried pickles ever !	True
Yay found 2 Real Leather belts for under $ 10 , great find .	False
Come with a lot of money this place is expensive $ 15 for a double bacon cheese burger combo	False
Breakfast burritos all day !	False
Fine dinging at THE DUNGEON at Excalibur .	False
Club Panini inspired from Paris France	False
Drop off before 9 am for same day service .	False
Not worth going to .	False
They are very unwelcoming .	False
And talk about you in their language .	False
Cakes r ok , they 're getting too pricey .	False
Anybody knows what time	False
Try the Santan seasonal brews	False
Nice setting indoors or out .	False
Johnjay and Rich are so Rad	False
we Love them at Monsterland ! ! ! ! !	False
Dance In the Desert	True
Jessica is so nice	False
and does an amazing job ! !	False
The Classic # 7 pizza is a great change of pace from your traditional pizza .	False
Thin and crispy crust with salami , ham , and Swiss cheese , baked	True
so that the meats are caramelized ... nice and salty .	False
Topped with fresh lettuce , tomato , and onion drizzled with just a hint of vinaigrette .	False
Yelp hour is weird ! !	False
Cafe darak is open from noon to 3 am everyday ! ! ! ! !	False
Quail egg , duck egg ,	True
Free air and water ... at all QTs ...	False
but everyone else charges !	False
Best $ 1 Margarita . Nice and strong .	True
blueberry donut is fantastic !	True
There 's never a wait here especially during the daytime .	True
Curry chix katsu is what 's for lunch	True
Great place to get your hair done !	True
Do n't go here ! ! !	False
They are doing something wrong and unhygienic ! ! ! !	False
Get in free with a military ID	True
Their Low cost spay is kind of expensive .	False
They have both corn & flour chips with their salsa !	False
Bottomless & all you can eat for $ 100 .	False
Look at BLT pix as well !	False
and it felt like home .	False
This place is awesome !	False
Southern candied pecans & Apple Tini 's in the Lobby today	False
To greasy for me but its pretty dang good	False
Have a drink in memory of melzo ! !	False
Closed gone with the wind .	False
Thursdays are 25 % off with the free club card .	False
Cool find- Dooney & burke purse !	False
Great service and tasty NY Style calzones and cannolis .	True
You know that place from NY	False
where you could get slices	False
and sit at the counter	False
Yeah it 's like that .	False
Love love love it	False
A lil sneaky hiding spot from Grand Ave	False
A dog day afternoon	True
Waiting on the Benzo	False
Checking out the new SLS	False
Thank you Ice Cream Angels !	False
Rude service will always get a one star .	False
No excuse for it . Period	False
It was also very dirty .	False
Awesome Apple Pie Martini !	True
Closed dec 12 - 24 for remodel .	False
Staff is super friendly and very informative .	True
Much improved menu and service .	True
Love the farm to table organic food focus .	True
The do n't count their french fries , like at McDonald 's ,	False
you get a big order of fries .	False
Happy hour 2 - 5 .	False
Hope you all appreciate their donut names as much	False
MmmmM been craving this for a while !	False
Shrimp , oyster , sweet potato fries and maybe a cold beer with the girlfrannnn '	False
Kathy is fabulous , fun and super talented .	False
If ever you need your car repaired	False
Erik Buttrey is all around the best Service Advisor !	False
Timing is very important here	False
it can be a hit or miss ,	False
all macarons stocked or out of everything .	False
But you ca n't blame this small ice cream store	False
they always try to do the best	False
but hate the wait .	False
That 's the only thing	False
do n't give this place your business .	False
They have horrible customer service ,	False
prices are over inflated ,	False
when sent thru them	False
as opposed to going straight to usps .	False
that can do a great lunch in 40 minutes	False
Holy soccer moms batman !	False
Soy mochachino was fantastic .	True
as they are a bit stodgy .	False
DIY Eggs Benny is a plus .	True
Ordered an Arizona Burro with carne asada , rice , beans , potatoes , sour cream and guacamole --to go .	False
Ca n't wait to go home	False
Request This Location On Tenya For Your MRI , CT Scan , Or ANY Procedure .	False
to fix a plumbing emergency .	False
Quick and efficient work .	True
Guy was good but a little slow .	False
... this place has a lot of regulars	False
Eat first , then bar hop ....	False
Great location , it closes early	True
the bill ai n't gon na be cheap .	False
Two words ... Halibut burrito .	False
The whole staff was very nice .	False
but they do have an ATM for $ 1.95 per transaction .	False
Egg pudding is too light and cohesive .	False
and does n't break apart readily ,	False
making it hard to consume .	False
Ca n't believe	False
Forever the best location .	True
is always so nice	False
The cook is ON POINT TONIGHT ,	False
This is an all around great location .	True
They give out free samples ! ! ! !	True
The upstairs bar is cash only !	False
Great bacon dusted wings .	True
The Valentina hot sauce on the table was a nice touch as well .	True
The Thai pork sandwich lacked flavor though .	False
Easy to get to and the elevator takes you right up to the office	False
BEFORE bringing the check .	False
Sweet tea is always great .	True
Cash only but there 's an ATM on site .	False
They serve wine woohoo !	False
Five out of five enough said	False
Try out some of the yakitori items !	True
Love the beef tongue and tempura oyster :)	False
All day happy hour on Sunday and Monday ... great margaritas	False
and you wo n't leave hungry ! ! ! !	False
Come in at lunch , shorter wait time than dinner .	False
Try the rose water iced tea . Super friendly staff .	True
Cmon pops quit talking .	False
Late hours ! Only reason to come .	False
When you need to print and fax something ASAP ...	True
FedEx comes to the rescue .	True
Extremely slow post office service here , be ready to wait .	False
Try the grilled octopus and oyster tacos	True
their custard is nt rich and thick	False
and taste watered down .	False
just stopping by to link up with friends	False
since it was a convenient location	False
Delicious thin crust pizza and pizza bread Italian sandwiches ! !	True
Gyro salad is awesome !	True
Best Sundaes and milk shakes in town	True
( rice with beef steak and one egg )	False
Just enough for lunch !	False
Great place for fresh fish seafood mmmm	True
South Western Egg Rolls ! ! !	True
( do n't ask ,	False
They 're sooo good ! ! )	False
Order sour cream with 'em ;)	False
Salmon is on their menu ,	True
but they NEVER HAVE IT .	False
They 've got all your cocktailing needs ;	True
shoes , trays , and tip cups galore !	False
Iced coffee is the best- pretty sweet !	True
The shirazi salad is fresh and crunchy .	True
the low - pressure warning light having gone on last night .	False
Closed since October 2011 .	False
About 2 more weeks	False
until Arctic Avenue closes for the season .	False
House special # 54 soup was excellent	False
and the service was very good .	False
Much better than others	False
and they are closed till 4 ?	False
They could 've called me to tell me !	False
Best Chicken and Black Bean sauce	True
Good Italian flavors and crispy oven brick pizza	True
They were booked till 8 pm .	False
Call ahead for reservations or ask to sit outside	False
if they have no space .	False
May be boy outside	False
but the smell is amazing .	False
The girls went to MEN OF SAPPHIRE !	False
Woo so much fun	False
Manuel is the best !	False
Would n't go anywhere else !	False
Incredibly slow line with two cashiers	False
and one of them is helping a lady do a bulk mailing ...	False
take a deep breath	False
and think pleasant thoughts !	False
Excellent food .... service matches ... highly recommend	True
Try the 10 piece nuggets for only $ 1.49	False
The worst Chinese food in Las Vegas	False
3.74/gal unleaded	False
Wedgewood Farmers Market on Saturday mornings	False
This place is a hidden gem !	False
Literally only 5 stools	False
We were just there on Saturday 03/29/2014 .	False
they will be relocating sometime before July	False
because the owner is doing something with the building .	False
But until then , stop by for some yummy food !	False
You have to try the lamb tikka .	True
because it 's such   a dive ,	False
but they have some of the best hot wings in the valley .	False
Get them to - go .	False
New kale quinoa springs salad on the menu !	True
It 's always a special occasion	False
when we 're here ..	False
Cheers to good company :)	False
Enjoying some poetry and tea .	True
So much nicer than an impersonal Starbucks !	False
They have bed bugs ...	False
Itchy Itchy Scratch Scratch LMAO ! ! !	False
Highly recommend the black cod dish and shrimp curry .	True
A very good late lunch .	False
Would have given them 5 stars	False
but it 's freezing   in here	False
Huge portions . Nice seating area with full bar .	True
The neck of the fork is weak easily bends .	False
BBQ & leather rummage sale !	True
No more peppermint mocha :(	False
$ 239 Laser Whitening Check in Special !	False
If you are n't eating inside	False
then call ahead to place a to - go order and you wo n't have to wait as long in line during busier times .	False
they said the last 2 times now	False
which made it nice .	False
Slightly cheaper and slightly busier at lunchtime .	False
Best thai food a must try !	True
Quick service and clean restaurant .	True
At 8:30AM gym is empty .	False
Nice and easy workout .	False
No Cheese on the House Salad ? Weak Juice .	False
Carrie the bartender is awesome ! !	False
Street tacos have moist flavorful meat ... nice salsa bar w all thr sides !	False
Post soccer drinks n pizza .	False
Jerk wings are inedible !	False
Lamb ribs are a must !	True
and the food is excellent	False
Half shell oysters FTW !	False
Jambayala had enough spice with only 3 big pieces of shrimp	False
Yelp gives me great advice again with helping me find Zaba 's ! !	False
Get the fish tandoor .	False
CUTE DESSERTS AND LITTLE GIFTS !	True
If you need a cute little snack for someone definetly stop by here !	True
Beautiful place for a heart to heart with a friend or a date ! ! !	True
It 's cold in here tonight .	False
Want a Beatles concert ?	False
Skip LOVE and see this one !	False
Check travelzoo for $ 25 VIP seats !	False
Order from the charcuterie menu you will not be disappointed .	True
Very busy on tuesday lunch , great sign ;-)	False
Ca n't wait	False
Reasonably priced and tasty food ... Nice ambience and friendly staff .	True
Belle grande terrasse en avant du restaurant .	False
and clean up after yourselves .	False
Your Momma do n't work here !	False
dim sum with the parentals .	False
No outdoor seating like the one in Goodyear .	False
Kids are sitting on curb	False
while they finish their chili cheese dogs	False
Great food and great service	True
99 cent tacos on Tuesdays !	True
Second time getting airbrushed	False
and the color is great	False
The best Indian lunch you will ever get	True
The service was horrid !	False
Waited over 30 min for the food to come out .	False
Ladies get the vip card for free drinks	True
Shrimp burrito was great !	True
Loved how fresh it was and not super gooey or saucy !	True
Be careful of cash transactions at this place .	False
Be careful of giving small change .	False
$ 0.05 is nothing to me .	False
Do once , they can do it twice .	False
Maybe in a larger value .	False
Chicken pot pie so good tip minus the onions way to many	False
if u do n't pearl onions yuck	False
Life is a jungle out there .	False
Support the stations with cheap gas prices in the local neighborhoods .	True
Big fan of the custom salads	False
Yummy crepes and pastries and coffee	True
Make sure to ask what sides are available .	False
The sign is out of date	False
they only have some items on certain days	False
but they serve collard greens daily .	False
Elaine at the bar is awesome !	True
and it 's delicious !	False
Owners of Nittaya 's opening new Thai spot next month next to Peet 's Coffee	False
Bean and cheese burrito for the win !	True
Found out the hard way-- no food or drinks in the actual theater !	False
They have a Monte Cristo sandwich !	True
Dog friendly patio . Close to hikng and pretty good food too	True
Service is getting better !	False
The 10 % check in offer is no longer available .	False
Apparently this location is under new management	False
and wo n't honor the discount :(	False
this place is okay - gelato simply Italian at yonge / eg is much much better !	False
Do nt go here	False
unless you like throwing your hard earned money away .	False
Enjoy live Jazz every Thu nights	True
Stopping for iced coffee for the adults and timbits for the kids .	False
Steak & cheese pupusa was the best out of the ones	True
The food is ok	False
but the banana chocolate liqueur iced latte was outstanding !	False
Yelp Spring Break- $ 5 drinks w/ Yelp Passport .	False
Love their pork belly bun .	False
Reminds me of Venice 's Jin Patisserie	False
Dear god play some hip hop . Thanks .	False
Now that it 's renovated its alot more swanky !	False
Top Shelf Summer Taste !	True
One of the most rude waitresses	False
Loving the changes with the expansion of this store especially the new huge produce section !	True
We love general tso chicken lunch special with egg drop soup and fried rice	False
Glazed donuts are the best	True
especially when the light is on .	False
Great place to catch spme	True
The only downside to this place is that they take cash only .	False
The shrimp has a great taste and texture .	True
The people are nice	False
and the lines are always a bit long but worth it .	False
Depending on the time of day / week	False
it 's real busy .	False
The quality of food / beverage is amazing	True
The breakfast is not bad .	False
Bacon and cheese croissant with an OJ , and four donut holes .	False
when you walk into this bar	False
the owner gives you a big hug	False
they do n't have a non - mushroom veggie burger yet ;	False
still working on it .	False
who does n't like mushrooms .	False
The raspberry butter cookies are amazing !	True
Wo n't lie - this place looks a bit dodgy .	False
Stepping inside is Ike going back in time .	False
Fritters are decent and $ 0.75 though !	True
that was delic from Starbucks	False
and stir fry from Asian fresh .	False
No maekjoo or soju ?	False
Strange for a Korean restaurant .	False
Limited parking at store front ;	False
just park on the street around the corner on rue Morely ... verify parking signs ...	False
its an old bar	False
when you get in ... kind of dirty and smoky .	False
is by opening the back door .	False
in the winter can get pretty chilly and windy inside ... not cheap either	False
When they say tomato soup on the menu ,	False
they mean pizza sauce .	False
A very nice combo of Margaritas ,	True
( reg , $ 10 ; $ 6.50 , HH )	False
and   $ 3.5 UNLIMITED chips and 3 salsas	False
Their Margarita on tap tastes LIME - FRESH DELICIOUS !	True
But it 's on the STRONG side	False
- 3 - 6p & 9p daily ;     AND ...	False
Free Build and Grow Clinics for children are fun and educational	True
service is fast .... reasonable prices , very friendly staff !	True
Belmont Stakes ... free mimosas til 4 pm .	False
The food and services are always tasty and fast !	True
Great bloody mary and have gluten free options	True
before we head to Eric 's work :)	False
So friendly and clean !	True
This is nt a pitiful burger stand .	False
No longer Cash Only !   New menu items are excellent .	False
Mulitas are always great	True
and the Cemitas sandwich is a meal and a half , too !	False
( edited to remove mashy mushy fingers grammar ) .	False
Just came back from Phx ,	False
They were quick , thorough and reasonable .	True
Everyone is friendly even in the heat .	True
( that was definitely Campbell 's from a can ) .	False
The pig roast on Sundays is amazing .	True
Especially paired with a half price prosecco mimosa !	False
is this where u get ur dippin dots ?	False
before making me a new sandwich .	False
Lattes are pretty good ,	True
the best is their chocolate coconut cookie ! !	True
Try the BBQ duck	True
Love the preserved egg congee here !	False
Impressive menu , nice staff , overpriced , not close to me , so not a concern .	True
Dog training , ask for Peter !	False
Amazing jazz band tonight ! !	True
Do n't bring a vehicle with a light bar here ,	False
50 cent wings till 7 pm .	False
Rainy day at the pool	False
Daddy daughter date night at the Selena Gomez show	True
The Big Apple Coaster offers military discount	True
Overall still a good spot .	False
Yummy lengua taco and verde Gordita . Great customer service .	True
No flavor , rude staff , sloppy cooks . On top of it ... over priced !	False
Pumpkin Pancakes are back !	False
Peanut butter jelly time !	False
Great people and great place to just hang out .	True
It would be nice if this place had water fountains .	False
being a recreation center	False
where people need hydration and all ......	False
Reasonable priced yogurt . A variety of craft soda and beer but limited wine .	True
Grab a Guiness and whiskey at the Irish bar on the way out , reverse happy hour at 9 pm	False
"the one in the display was a "" display "" roll"	False
because there were no other rolls .	False
and grabbed the one out of the display	False
and put it in a plate .	False
It was very dry !	False
Bring your own poopy bags !	False
Wonderful restaurant and its 24 hrs food is great	True
Nice place , opens at 7 .	True
Great for breakfast or lunch .	True
The staff is super nice !	True
Under Control by Calvin Harris and Alesso always give me the feels !	False
Good pizza waiting long time	False
This Longo has the nicest patio	True
Submit your ice cream flavor ideas to customerservice@346patisserie.com for a chance	False
to win a free pint and credit for a customer - inspired monthly creation .	False
figure what spice level you want	False
and go Down one level	False
They are moving to Fountain Hills	False
1 . Polipo Salad , $ 12 , is DELICIOUS with tender , flavorful octopus ... !    :-)	False
$ 26 , is ONLY OK .	False
3 . New Belgium 1553 Draft , $ 6	False
is surprisingly LIGHT and tasty !    :-)	False
You ca n't beat the country fried steak with the gravy on the side for only $ 4-$5 ! !	False
Do not eat here ,	False
West side loc is much better !	False
Always a good workout	False
Fried Chicken Eggs Benedict time !	True
This Allo Mon Coco location is ideally for locals .... locals	False
who live within 1 km ....	False
Stopping at Jakes Good Eats ..	False
Suzanne has made yet another wonderful culinary   discovery !	False
Would recommend to everyone .	False
get the Sin City .	False
They are open until 11.00	True
They 're always fast and fair on the pricing .	True
you come here a lot	False
when employees wave at you	False
when they come in	False
to start their shifts .	False
Amazing ice cream and candy   !	True
Very beautiful exterior and interior !	True
Grilled boneless wings for the win !	True
Raspberry chipotle sauce is awesome .	True
$ 2.00 chicken or beef tacos	True
Hitting this Badass Dash !	False
Good 5&7 selections .	False
The wings are .49 cents each with the purchase of a drink on Tuesday and Thursday .	False
Yasu is a wonderful chef	False
Order the special it 's the best	False
but service needs to be improved .	False
We go to Whist 2 - 3 times a month lately	False
and the service each time is usually friendly , but slow and almost nonexistent with some bartenders .	False
we and others had to flag down the bartenders	False
who congregate in the end of the bar .	False
Bartender with the black shirt and mustache was downright rude .	False
Probably take a break from Whist for awhile .	False
Ghost pepper sauce is hotter than Blazin !	False
and it was very good .	False
There are better buffets .	False
Other people 's choice :(	False
Do n't forget the blue cheese and bacon potato salad !	False
Outdoor dining with view of canal !	True
Wow , un vrai super marchÃ © latino Ã    MontrÃ © al !	False
Vous y retrouverez une Ã © picerie , boulangerie , boucherie et un restaurant qui saura vous combler .	False
Visiting Vegas on vacation	False
and tried Super B Burrito on a friend 's recommendation .	False
We have eaten there 3 times in 4 days ! !	False
Go early to get the watermelon agua fresca .	False
Chili Rellenos   and Carnitas are the best !	True
Over priced mediocre breakfast sandwich :(	False
Can not compare this place , the coffee , the food and the hospitality to anywhere else in town .	True
Good amount of sides but on par with the other Korean places on the same block .	False
Parking is tight and always full ,	False
but that shows how good the place is .	False
Overflow is down by the ABC store or park at the Chipolte or Target garage	False
is it is a nice day .	False
how the food is :)	False
separate entrance for take outs .	False
an unfriendly server at the take out counter	False
seemed genuinely uninterested in service .	False
you MUST have the orange crush roll ! ! ! !	True
so many wonderful flavors explode in your mouth ! ! !	True
you will LOVE it ! ! !	False
Go really early for a weekend game ,	False
especially if the sun is shining .	False
Do n't even think about parking near the stadium .	False
The place w everything !	False
Frappe Chai with Soy ! !	True
Cash and debit only .	False
Call ahead for take - away .	False
but fries were great	True
Sign up for a Zagara 's card !	False
Memo to Kuma and you other competitors .	False
SnowFlake Shavery is here to stay	False
and is now the standard	False
that you will be measured with .	False
there will be anybody worthy of mentioning except maybe Fluff Ice .	False
1.50 fish tacos	False
Romantic vibe , quality food , great service .	True
Easiest access is to park towards the middle of the mall with the Levi 's sign out front .	False
Love this tea shop .	False
Great tea , ambience and people !	True
Love restaurant.com gift certificate to try out different food	False
Sought shelter in the beautiful garden room	True
Best parking is underground .	False
After 7 pm it 's free .	True
Beef Stew is pretty good !	True
Grabbed breakfast here for 3	True
and everyone was quite pleased .	False
It 's fast & fun with great food	True
Another day out in the sun .	False
Candice is amazing for waxing !	True
Went to the open air market - small and hot and not many vendors in the summer :/	False
Some of the biggest rooms on the strip	True
Mad lovin Onion Rings with Killer Burgers and da Bomb Zuchini Spears ! ! !	False
the running like is a third of that size .	False
To replace any bulb	False
if the light on the dash does n't go.out	False
then they do a diagnostic for $ 159 .	False
the little lite is worth a weeks income .	False
Adore the ceiling decor :	False
round bulb twinkle lights and bleached branches .	False
They now have free wifi !	True
Not bad if you are thirsty .	False
But only thirsty , mildly drunk or on a highly limited lunch schedule .	False
Get a side of rice	False
to dip in the sauce !	False
This place is over priced	False
and is a joke .	False
The parking to casino / rooms are very close by	True
since it 's a small hotel .	False
Bathrooms are gross & no seats .	False
When U get your salad ,	False
pour out the dressing ,	False
( it snaps back on )	False
You can mix flavors half & half .	True
This place is now called Katies	False
Awesome housemade Bloody Mary !	True
It 's closed down .	False
Another one bites the dust !	False
The restaurant burned down this afternoon .	False
Stay tuned for updates !	False
Great food and great service .	True
Love the thin crust pizza !	False
They only take cash	False
Check out their 9.99tuesday pizza promo !	True
Try the chai tea on ice .	True
They frequently have free concerts here .	True
Check their website or the post board near the front of the library !	False
Eating the roast duck poutine pizza on your own	False
is a big , and awesome , mistake .	False
In love with the French dip	True
Do n't judge .	False
While they do have a lot of deals ,	False
not all items are at their cheapest price .	False
Candies , beauty and office supplies are often overpriced and cheaper at Walmart or Target .	False
Grab and Go is awesome !	True
Fast service and friendly staff !	True
A la carte only .	False
It can get quite expensive	False
if you are hungry .	False
If you need a 9,000 roll pack of TP Sam has the goods !	False
Best brunch in Charlotte !	True
Order the honey biscuit - you 'll thank me for it !	False
If you ever have to fill up on carbs ,	False
have the hummus with the blue cheese ,	False
it adds a different taste	False
so balance it out with the sweetness of the bacon wrapped dates .	False
Top of that with the mushroom and arugula flatbread .	False
it will entertain your taste buds .	False
Great little hole in the wall !	False
The Vanilla Honey Lattes and Chorizo Scramble are amazing !	True
Try the Cajun shrimp and cheddar grits appetizer !	True
The deluxe club on a baguette .	True
Best bartenders and staff for a local watering hole in town .	True
And it 's more than that .	False
The food is A+ .	True
Amazing healthy clean and fresh	True
Ca n't wait to come back	False
Jen red pork is something	False
The restrooms are disgusting .	False
Going for the frittata special .	True
Need more cake mix !	False
and smells like a port a potty .	False
So new that there is no parking allowed yet ;	False
park at the school in the meantime .	False
Probably the best Neapolitan pizza in United States .	True
to take the family to breakfast !	False
Close at 4 on Sundays .	False
They have a pasta station any way	False
Pupusas any of them are great .	False
The answer is Jenifer M. at Tangles !	False
Watching the eclipse on the roof !	False
If you want the broth	False
that everyone is talking about	False
order anything except 7 or 9	False
Debit and cash only .	False
Really unhappy with the fade	False
They have a buffet of different flavors and mixtures	True
if you ca n't decide ,	False
their taro is always a safe bet .	True
but Boba Tea House is a great little place	False
to get a different kind of refreshment fix .	False
Good French onion soup .	True
We love everything about this place !	False
Anthony is an excellent masseuse !	False
This clinics owner , Dermatologist Dr. Khanna , is on site for consultation and supervision of treatment ....	False
Many other clinics only have technicians on staff	False
and patients never see the doctor ...	False
Poor Service , 2 1/2 hours for pizza to be delivered ?	False
Great food and service !	True
Got the bacon wrapped dog	False
and it was awesome	False
You can pay common bills here like water and electricity .	True
This is the library map	False
Been a member for 2 years now .	False
Everyone needs to go see the new tiger exhibit .	True
They do buy backs !	False
Just had Drunk af noodles .	False
They came highly recommended .	False
Do n't spend 10 mins	False
looking for a parking spot !	False
We 're all here for some cardio , park it	False
Well drinks , house wines , and crappy beers are all free .	True
Easy call - go with the mixed drinks .	True
Nice place good parking for larger vans with trailers and at night it 's as quite as it goes .	True
Just another day at the office	False
French toast coffee is back !	False
Drinking Firestone Pale 31 @ The Hungry Monk .	False
Been a few times .	False
Plenty of TVs and a nice whiskey list .	True
Awesome band , food and wine	True
Latte and a cookie please !	False
They only accept cash	False
Trying out the burgers after a killer workout ...	False
The miso soup is delicious and quite a bargain .	True
Be sure to add it to your order .	False
5/5/16 - Not open !	False
Door is open , lights are off	False
and sign is unclear ! !	False
Great check in system with the Ipads !	False
Tornado stake house is the best in Madison	True
The desserts are so good too ! ! !	True
Get the loco moco !	True
Always good food and large portions	True
if everything is knitted by rabbits	False
Food is good ambiance is fine	True
except for that goddamn baby .	False
Ask about the salads !	False
It 's not on the menu .	False
Make an appointment online !	False
Dry limes , not fine .	False
No food - to - go .	False
The address is correct	False
but the pin seems wrong - they are right next to PeiWei	False
One of the best restaurants for breakfast .	True
Try the Mexican omelet with hash browns .	True
$ 25 acrylic full set	False
you give them a chance .	False
They used to price match at this store .	False
Check the hours of operation .	False
open until 7 pm , store says 6 pm .	False
Most awesome cupcake place ever .	True
Blue Ribbon fried chicken ! !	True
One of the best caterpillar rolls	True
when you first walk in	False
which for me is sometimes a bad sign .	False
But here it just because they have SO much fresh seafood !	True
If you sit at the bar avoid the seat at the bend .	False
It 's where they put orders	False
in despite being the ONLY person at the bar	False
Treat this place as a secondary option .	False
Maybe even tertiary . Food quality is hit or miss .	False
Today was a lucky hit .	False
treated well every time	True
They have a brand new kids area .	True
Took out the giant playplace	False
and replaced it with an interactive floor area .	False
Virtual soccer , virtual keyboard to walk on , etc .	True
$ 9 a can of Guinness .	False
Was $ 7 last year ...	False
Bathrooms are scary trashed	False
Great neighborhood hang out !	True
The owners are super friendly .	False
Why NOT ? It 's crazy fun !	False
Great place kick back	False
and enjoy beers on tap little yells Pilsner !	False
Ladie 's night is every Thursday .	True
All well drinks are $ 2	True
We with be back	False
The food here is okay , too over priced	False
and you do n't get a lot of food on your plate for the price ....	False
Fit and Focused menu items .	False
Made with egg whites .	False
Served with fresh fruit and 1 piece of dry whole wheat toast .	True
Chicken Apple Sausage Scramble	False
With jack cheese , spinach , sautÃ © ed mushroom & avocado .	False
Work is hard y' all	False
C'est un des meilleurs restaurent vegan Ã    MontrÃ © al .	False
You HAVE to try the dumplings and # 31 beef fried noodle !	False
It is a good place	False
to read a book	False
and escape corporate monotony if only for an hour at each pass .	False
Avoid the flavorless traditional broth	False
and go for the spicy instead .	False
beef or seafood is better .	True
They are super friendly here ,	False
Happy Hour 7 pm to 10 pm ....	False
BOGO on Thai iced tea !	True
Get your holiday shopping done on Saturday from 8 pm to 9 pm - not very busy .	False
Hush puppies and po - boys .	False
"please do n't stop the music "" Rihanna ."	False
Thru the car wash !	False
Happy hour wine is $ 5 per glass .	True
Some nice shops , and plenty of places	False
They have a bathroom but .	False
if you can help it for that .	False
Bring a container for a fill from the keg of evoo	False
You can own trendy glasses ,	True
without breaking the bank !	False
Ask for Jillian amazing server	False
Back home for 32hours	False
Hook Tire & Service is THE place	False
to go for tires , service , oil changes , inspections , whatever .	True
This crew is always friendly and professional .	True
Their pulled pork and grilled cheese sandwich is amazing !	True
Do n't touch anything from the mini bar	False
unless you are willing to pay ;	False
EVERYTHING within the mini bar is weighted	False
and you will get charged .	False
The water bottles with the yellow tags as well .	False
that appears on that FAKE show	False
Mystery Diners is not a place	False
Ca n't stand a liar !	False
Why go on there	False
when you had great reviews !	False
Just shows what type of people run this place .	False
The tequila lime chicken is a sure winner .	True
If its your first burrito experience this is a safe menu bet .	True
Who puts shrimp in their hot and sour soup ?	False
DO NOT RENT FROM THIS PLACE !	False
The lines are insanely long to return .	False
who is a hard worker	False
the rest suck ass !	False
They use the the Loyal Tree app .	False
Organic Duck Breaston tonight .	False
If in an accident remove anything	False
you want to keep from your vehicle at the scene	False
once it goes to quality	False
Napolis , one of the best pizzas in Vegas !	True
Ordered delivery several times only one bad experience	False
by popping it in the oven on a cookie sheet for fifteen minutes , well worth it .	False
it reminded me of the pizza places	False
Vegas used to have .	False
Great sandwiches and pasta	True
It 's   pastry day .. FREE PASTRY	True
if you buy coffee today .	False
Lots of TV screens .	False
Sitting in the booths could possibly block viewing most of them .	False
Must try the South African chocolate Gelato .. yummie !	True
( they could 've kept the pita ,	False
with fresh fruit on the side with a glass of Pinot Noir .	False
Perfect Pair Nom Nom	False
Try the chocolate croissant !	True
Tofu fried rice is also good .	True
Mermaid Inn serves great brunch with omelet bar	True
tended by Peter , general manager and executive chef	False
Mcd 's on golden mile hiway is cheaper ....	False
Happy hour is the only time	False
watching ... filled with cheesy people .	False
Closed today that s strange ...	False
Just saw a boyfriend and girlfriend in here freestyle rapping .	False
Bring lots of money	False
Happy hour is 1/2 off appetizers , $ 2 bud light drafts , $ 3 premium drafts , $ 2 off drinks and glasses of eine	False
Free week for new customers	True
and there are different doctors every week .	False
You ca n't go wrong with the cheese ravioli with Italian sausage !	False
Clean and well merchandised	True
Best Indian buffett in town!!!!!!!!!!loved it	True
Ask for a handful of arugula	False
to be added to your pizza	False
after it comes out of the oven .	False
Takes it to the next level .	False
Great food and service .	True
but it was delicious .	False
Half price all baked goods after 9 pm ! !	True
Ordered a chicken bowl ,	False
of course they forgot the rice .	False
Chelsea will be here momentarily !	False
Continental breakfast is not very good here	False
-- coffee is often out .	False
The rooms are nice	True
though and the jacuzzi suite is especially sexy ,	False
despite the walls being really thin .	False
The worst take out place in Madison .	False
Your order will take up to 2 hours to get ready .	False
Recommended by fellow Buffalonian as best chicken wings in Phoenix !	True
Fries are pretty awesome - crispy outside , chewy inside and quite addictive !	True
Wings are a bit dry tho D :	False
The baked potatoes are huge !	True
Scoping out Sponsors for this season of @DestinationAZ	False
BNI meeting starts at 11:30 .	False
Absolutly no throwbacks to it being the old Sahara except the ancient parking garage elevator .	False
LA foodie hipsters will love it .	True
Good value good food	True
No non - beer specials !	False
Tap presto card before boarding and untap after arrival .	False
Attendants on train will check	False
if you have paid .	False
Shrimp protein bowl is a sweet & spicy saucy mess .	False
Bomb hot & sour soup ...	False
With real big shrimp in it ! !	True
Manager went above and beyond tonight .	False
Awesome selection , bring your appetite	False
& plan on some serious cardio afterwards ,	False
Very authentic German food and so delicious !	True
Totally took me back to Berlin 1989 ,	False
getting a curry wurst at an Imbiss stand .	False
Best specialty shop in town !	True
You can get many cute things here not just gifts !	True
Need some new books for the new year !	False
Love that it is close to work	False
when it 's not crowded .	False
The mini sub for kids is huge .	True
Two kids can easily share this !	False
Ca n't even toast a bagel	False
when specifically asked for it to be	False
Their mini tart is to DIE FOR ,	True
but it 's so freaking expensive !	False
The store is always changing	False
Get the sweet barbacoa tacos !	True
They do n't accept the LVAC discount at this location .	False
Nice cozy place on a cold night	True
good food , locally owned , nice vibe .    betta than mello mushroom	True
They paper clip your bill to a post card .	False
Be sure to make reservations !	False
This place is super popular !	True
They have dam good breakfast sandwiches!!!and super fresh .	False
The best coffee in las vegas	True
Bring in your PC no matter	False
where you purchased for free virus & malware removal	False
One Nation takes tips .... but no deviation from the ready made set list .	False
It 's Wednesday at 3:30 .	False
Delicious fish tacos and pineapple banana bread .	True
All cakes are home made .	True
Jamaican patties from Michidean , Allan 's and Tastees .	False
Read the humorous stories	False
posted on the walls	False
Tiny table with 2 chairs and a tall stool available	False
if you ca n't wait	False
till you get home	False
Service is very friendly and quick as well .	True
Delicious food and very friendly staff !	True
We love it here .	False
